{"episode_reward_total": -275963.58299276244, "episode_reward_mean": -275236.0424134391, "intermittent_device_reward_total": -124822.53746869572, "uninterruptible_device_reward_total": -151141.04552406663, "intermittent_device_reward_mean": -114197.03421990751, "uninterruptible_device_reward_mean": -161039.00819353174, "cost": 16748.014244425016, "_timestamp": 1711725225.1539927, "_runtime": 287.0351026058197, "_step": 141}