{"episode_reward_total": -1090628.1039515599, "episode_reward_mean": -1133474.9086802437, "priority_device_reward_total": -595935.0988226911, "deferrable_device_reward_total": -494693.00512886926, "priority_device_reward_mean": -632369.3698425712, "deferrable_device_reward_mean": -501105.53883767215, "cost": 3269.9086802434094, "_timestamp": 1706266503.3777707, "_runtime": 400.4796166419983, "_step": 199}