{"episode_reward_total": -289914.0847733873, "episode_reward_mean": -366171.6045284521, "intermittent_device_reward_total": -103744.50954363147, "uninterruptible_device_reward_total": -186169.57522975566, "intermittent_device_reward_mean": -103983.19592848963, "uninterruptible_device_reward_mean": -262188.4085999623, "cost": 13551.604528451984, "_timestamp": 1711724732.929892, "_runtime": 12.902713060379028, "_step": 4}