{"episode_reward_total": -307569.46824716864, "episode_reward_mean": -318986.9681012577, "intermittent_device_reward_total": -102352.63373288276, "uninterruptible_device_reward_total": -205216.8345142857, "intermittent_device_reward_mean": -114532.7211775567, "uninterruptible_device_reward_mean": -204454.24692370108, "cost": 15242.968101257758, "_timestamp": 1711724653.9810085, "_runtime": 403.49047446250916, "_step": 199}