{"episode_reward_total": -50274.07742874998, "episode_reward_mean": -42033.8837244376, "intermittent_device_reward_total": -15733.057657916666, "uninterruptible_device_reward_total": -34541.01977083333, "intermittent_device_reward_mean": -14772.4451807184, "uninterruptible_device_reward_mean": -27261.43854371922, "cost": 242.25810867405576, "_timestamp": 1711723738.3188796, "_runtime": 67.52262949943542, "_step": 202}