{"episode_reward_total": -790579.5169845703, "episode_reward_mean": -761505.0203552124, "priority_device_reward_total": -396605.15898352873, "deferrable_device_reward_total": -393974.35800104187, "priority_device_reward_mean": -396236.60050398024, "deferrable_device_reward_mean": -365268.41985123174, "cost": 4101.970355212243, "_timestamp": 1706194648.4427178, "_runtime": 401.49763083457947, "_step": 199}