{"episode_reward_total": -917989.4158522283, "episode_reward_mean": -932335.9457615211, "priority_device_reward_total": -569801.1863340964, "deferrable_device_reward_total": -348188.2295181318, "priority_device_reward_mean": -562946.1579354957, "deferrable_device_reward_mean": -369389.78782602557, "cost": 4020.0757615210396, "_timestamp": 1706261214.415754, "_runtime": 707.1701180934906, "_step": 199}