{"episode_reward_total": -32230.96174421537, "episode_reward_mean": -36716.90466793554, "intermittent_device_reward_total": -16875.364770892855, "uninterruptible_device_reward_total": -15355.59697332251, "intermittent_device_reward_mean": -16247.185265265098, "uninterruptible_device_reward_mean": -20469.71940267044, "cost": 1572.5696925660825, "_timestamp": 1711723991.8535209, "_runtime": 60.22006678581238, "_step": 202}