{"episode_reward_total": -1209463.3499246, "episode_reward_mean": -1228290.2409776037, "priority_device_reward_total": -639871.4002507902, "deferrable_device_reward_total": -569591.9496738097, "priority_device_reward_mean": -691322.6303717548, "deferrable_device_reward_mean": -536967.6106058487, "cost": 3897.240977603565, "_timestamp": 1706263888.5527287, "_runtime": 402.93386673927307, "_step": 199}